Driver,Sean
Trip,1,Sean,03-01-2020-06:00,03-01-2020-06:30,30.0
Driver,Sean
Trip,1,Sean,03-01-2020-06:00,03-01-2020-06:30,30.0
Driver,Sean
Trip,1,Sean,03-01-2020-06:00,03-01-2020-06:30,30.0
Driver,Sean
Trip,1,Sean,03-01-2020-06:00,03-01-2020-06:30,30.0
Driver,Sean
Trip,1,Sean,03-01-2020-06:00,03-01-2020-06:30,30.0
Driver,Sean
Trip,1,Sean,03-01-2020-06:00,03-01-2020-06:30,30.0
Driver,Sean
Trip,1,Sean,03-01-2020-06:00,03-01-2020-06:30,30.0
Driver,Sean
Trip,1,Sean,03-01-2020-06:00,03-01-2020-06:30,30.0
Driver,Sean
Trip,1,Sean,03-01-2020-06:00,03-01-2020-06:30,30.0
Driver,Sean
Trip,1,Sean,03-01-2020-06:00,03-01-2020-06:30,30.0
Driver,Sean
Trip,1,Sean,03-01-2020-06:00,03-01-2020-06:30,30.0
Driver,Sean
Trip,1,Sean,03-01-2020-06:00,03-01-2020-06:30,30.0
Driver,Sean
Trip,1,Sean,03-01-2020-06:00,03-01-2020-06:30,30.0
Driver,Sean
Trip,1,Sean,03-01-2020-06:00,03-01-2020-06:30,30.0
Driver,Sean
Trip,1,Sean,03-01-2020-06:00,03-01-2020-06:30,30.0
Driver,Sean
Trip,1,Sean,03-01-2020-06:00,03-01-2020-06:30,30.0
Trip,2,Ben,03-02-2020-06:00,03-02-2020-06:30,20.0
Driver,Sean
Driver,Ben
Trip,1,Sean,03-01-2020-06:00,03-01-2020-06:30,30.0
Trip,2,Ben,03-02-2020-06:00,03-02-2020-06:30,20.0
Driver,Sean
Driver,Ben
Trip,1,Sean,03-01-2020-06:00,03-01-2020-06:30,30.0
Trip,2,Ben,03-02-2020-06:00,03-02-2020-06:30,20.0
